"Table II.3: The Michaelis-Menten constants, inhibition constants and activation constants of the enzymes in the C3 photosynthesis carbon metabolism model (Zhu et al., 2007). a: RN: Reaction number corresponding to the number in Fig. 1. b: Parameters beginning KM represent the Michaelis-Menten constant of the metabolite listed in the description column. Parameters beginning with KI  represent the inhibition constant of the inhibitor listed in the description  column. Parameters beginning with KA  represent the activation constant of the activator listed in the description column. c: The units of the equilibrium constant are mM (which is equivalent to mmol l-1) for all constants, except Ke. The unit of Ke  for reactions with one substrate and one product, or reactions with two substrates and two products is dimensionless. The unit of Ke  for reactions with one substrate and two products is mM. The unit for reactions with two substrates and one product is (mM)-1. d: The description column lists the compounds to which the kinetic constant applies."
Name,C++ Parameter,Value,Units,RNa,Reaction,Description,Reference,Unnamed: 8,Unnamed: 9
KM11,PS::MOD::KM11,0.0115,mM,1,RuBP+CO2→2PGA,CO2,"Jordan and Ogren (1981), Tcherkez et al. (2006)",,
KM12,PS::MOD::KM12,0.222,mM,1,RuBP+CO2→2PGA,O2,"Jordan and Ogren (1981), von Caemmerer (2000)",,
KM13,"PS::MOD::KM13,PS::RC::KM13",0.02,mM,1,RuBP+CO2→2PGA,RuBP,Farquhar (1979),,
KI11,"PS::MOD::KI11,PS::RC::KI11",0.84,mM,1,RuBP+CO2→2PGA,PGA,Badger and Lorimer (1981),,
KI12,"PS::MOD::KI12,PS::RC::KI12",0.04,mM,1,RuBP+CO2→2PGA,FBP,Badger and Lorimer (1981),,
KI13,"PS::MOD::KI13,PS::RC::KI13",0.075,mM,1,RuBP+CO2→2PGA,SBP,Badger and Lorimer (1981),,
KI14,"PS::MOD::KI14,PS::RC::KI14",0.9,mM,1,RuBP+CO2→2PGA,Pi,Badger and Lorimer (1981),,
KI15,"PS::MOD::KI15,PS::RC::KI15",0.07,mM,1,RuBP+CO2→2PGA,NADPH,Badger and Lorimer (1981),,
Vm1,PS::MOD::V1,2.93,mM L-1s-1,1,RuBP+CO2→2PGA,,"Latzko et al (1981), Woodrow (1986), Geiger et al. (1999), Haake et al.(1999), Chen et al. (2005), Strand et al. (2000), Strand et al (1999), Tamoi et al (2006), Peterkofsky and Racher (1961), Chen et al (2005)",,
KM21,"PS::MOD::KM21,PS::RC::KM21",0.24,mM,2,PGA+ATP ↔ADP + DPGA,PGA,"Larsson-Raznikiewicz (1967), Kopkesecundo et al. (1990)",,
KM22,"PS::MOD::KM22,PS::RC::KM22",0.39,mM,2,PGA+ATP ↔ADP + DPGA,ATP,"Larsson-Raznikiewicz (1967), Kopkesecundo et al. (1990)",,
KM23,"PS::MOD::KM23,PS::RC::KM23",0.23,mM,2,PGA+ATP ↔ADP + DPGA,ADP,Lee (1982),,
KE2,BF::RC::KE2,0.00076,,2,PGA+ATP↔ADP + DPGA,Equ. Const.,Laisk et al. (1989); Dietz et al (1984); Heber et al (1986),,
Vm2,PS::MOD::V2,30.15,mM L-1s-1,2,PGA+ATP↔ADP + DPGA,,The same as Vm1,,
KM31,PS::RC::KM31a,0.004,mM,3,DPGA+NADPH+H+ ↔GAP + Pi+NADP,BPGA,Trost et al. (1993),,
KM32,PS::MOD::KM32b,0.1,mM,3,DPGA+NADPH +H+ ↔GAP + Pi+NADP,NADPH,"Cerf (1978), Ferri et al (1978), Trost (1993), Macioszek and Anderson (1987)",,
Vm3,PS::MOD::V3,4.04,mM L-1s-1,3,DPGA+NADPH +H+ ↔GAP + Pi+NADP,,The same as Vm1,,
KE4,"PS::MOD::KE4,PS::RC::KE4",0.05,,4,DHAP ↔GAP,Equ. Const.,Bassham and Krause (1969),,
KM51,"PS::MOD::KM51,PS::RC::KM51",0.3,mM,5,GAP+DHAP ↔FBP,GAP,Iwaki et al (1991),,
KM52,"PS::MOD::KM52,PS::RC::KM52",0.4,mM,5,GAP+DHAP ↔FBP,DHAP,Iwaki et al (1991),,
KM53,"PS::MOD::KM53,PS::RC::KM53",0.02,mM,5,GAP+DHAP ↔FBP,FBP,"Brooks and Criddle (1966), Schnarrenberger and Kruger (1986)",,
KE5,"PS::MOD::KE5,PS::RC::KE5",7.1,,5,GAP+DHAP ↔FBP,Equ. Const.,"Bassham and Krause (1969), Iwaki et al (1991)",,
Vm5,PS::MOD::V5,1.22,mM L-1s-1,5,GAP+DHAP ↔FBP,,The same as Vm1,,
KM61,"PS::MOD::KM61,PS::RC::KM61",0.033,mM,6,FBP→F6P+Pi,FBP,Charles and Halliwell (1981),,
KI61,"PS::MOD::KI61,PS::RC::KI61",0.7,mM,6,FBP→F6P+Pi,F6P,Heldt (1983),,
KI62,"PS::MOD::KI62,PS::RC::KI62",12.0,mM,6,FBP→F6P+Pi,Pi,Charles and Halliwell (1981),,
KE6,"PS::MOD::KE6,PS::RC::KE6",670000.0,,6,FBP→F6P+Pi,Equ Const.,"Bassham and Krause (1969) , Laisk et al.(1989)",,
Vm6,PS::MOD::V6,0.734,mM L-1s-1,6,FBP→F6P+Pi,,The same as Vm1,,
KM71,"PS::MOD::KM71,PS::RC::KM71",0.1,mM,7,F6P+GAP→E4P+Xu5P,Xu5P,"Murphy and Walker (1982),  Laisk et al (1989)",,
KM72,"PS::MOD::KM72,PS::RC::KM72",0.1,mM,7,F6P+GAP→E4P+Xu5P,GAP,"Sprenger et al (1995), Schenk et al (1998)",,
KM73,"PS::MOD::KM73,PS::RC::KM73",0.1,mM,7,F6P+GAP→E4P+Xu5P,F6P,Model estimate,,
KE7,"PS::MOD::KE7,PS::RC::KE7",10.0,,7,F6P+GAP→E4P+Xu5P,Equ. Const.,"Bassham and Krause (1969), Laisk et al.(1989)",,
Vm7,PS::MOD::V7,6.24,mM L-1s-1,7,F6P+GAP→E4P+Xu5P,,The same as Vm1,,
KM8,IGNORED PS::RC::KM8,0.02,mM,8,E4P+DHAP→SBP,SBP,Brooks and Criddle (1966),,
KM81,"PS::MOD::KM81,PS::RC::KM81",0.4,mM,8,E4P+DHAP→SBP,DHAP,Iwaki et al (1991),,
KM82,"PS::MOD::KM82,PS::RC::KM82",0.2,mM,8,E4P+DHAP→SBP,E4P,Estimate,,
KE8,PS::RC::KE8,1.07,,8,E4P+DHAP→SBP,Equ. Const.,"Bassham and Krause (1969) , Laisk et al.(1989)",,
Vm8,PS::MOD::V8,1.22,mM L-1s-1,8,E4P+DHAP→SBP,,The same as Vm1,,
KM9,"PS::MOD::KM9,PS::RC::KM9",0.05,mM,9,SBP→S7P+Pi,SBP,"Woodrow et al (1983), Cadet and Meunier (1988)",,
KI9,"PS::MOD::KI9,PS::RC::KI9",12.0,mM,9,SBP→S7P+Pi,Pi,Woodrow et al(1983),,
KE9,PS::RC::KE9,670000.0,,9,SBP→S7P+Pi,Equ. Const.,"Bassham and Krause (1969), Laisk et al.(1989)",,
Vm9,PS::MOD::V9,0.96,mM L-1s-1,9,SBP→S7P+Pi,,The same as Vm1,,
KM101,"PS::MOD::KM101,PS::RC::KM101",0.1,mM,10,S7P+GAP→Ri5P+Xu5P,X5P,"Racher (1961), Laisk et al (1989)",,
KM102,"PS::MOD::KM102,PS::RC::KM102",0.072,mM,10,S7P+GAP→Ri5P+Xu5P,GAP,Albe (1991); Laisk et al (1989),,
KM103,"PS::MOD::KM103,PS::RC::KM103",0.46,mM,10,S7P+GAP→Ri5P+Xu5P,S7P,Albe (1991); Laisk et al (1989),,
KM10,"PS::MOD::KM10,PS::RC::KM10",1.5,mM,10,S7P+GAP→Ri5P+Xu5P,R5P,Albe (1991); Laisk et al (1989),,
KE10,"PS::MOD::KE10,PS::RC::KE10",1.17,,10,S7P+GAP→Ri5P+Xu5P,Equ. Const.,"Bassham and Krause (1969), Laisk et al.(1989)",,
Vm10,PS::MOD::V10,6.24,mM L-1s-1,10,S7P+GAP→Ri5P+Xu5P,,The same as Vm1,,
KE11,"PS::MOD::KE11,PS::RC::KE11",0.4,,11,Ri5P↔Ru5P,Equ. Const.,Bassham and Krause (1969),,
KE12,"PS::MOD::KE12,PS::RC::KE12",0.67,,12,Xu5P↔Ru5P,Equ. Const.,"Bassham and Krause, (1969)",,
KM131,"PS::MOD::KM131,PS::RC::KM131",0.05,mM,13,Ru5P+ATP→RuBP+ADP,Ru5P,"Gardemann et al (1983), Omnaas et al (1985)",,
KM132,"PS::MOD::KM132,PS::RC::KM132",0.059,mM,13,Ru5P+ATP→RuBP+ADP,ATP,"Laing et al (1981), Gardemann et al (1983), Omnaas et al (1985)",,
KI131,"PS::MOD::KI131,PS::RC::KI131",2.0,mM,13,Ru5P+ATP→RuBP+ADP,PGA,Gardemann et al (1983),,
KI132,"PS::MOD::KI132,PS::RC::KI132",0.7,mM,13,Ru5P+ATP→RuBP+ADP,RuBP,Gardemann et al (1983),,
KI133,"PS::MOD::KI133,PS::RC::KI133",4.0,mM,13,Ru5P+ATP→RuBP+ADP,Pi,Gardemann et al (1983),,
KI134,"PS::MOD::KI134,PS::RC::KI134",2.5,mM,13,Ru5P+ATP→RuBP+ADP,ADP,Gardemann et al (1983),,
KE135,PS::RC::KI135,0.4,,13,Ru5P+ATP→RuBP+ADP,ADP,Gardemann et al (1983),,
KI13_c,PS::RC::KE13,6846.0,mM,13,Ru5P+ATP→RuBP+ADP,Equ. Const.,"Bassham and Krause (1969), Laisk et al.(1989)",,
Vm13,PS::MOD::V13,10.81,mM L-1s-1,13,Ru5P+ATP→RuBP+ADP,,The same as Vm1,,
KM161,"PS::MOD::KM161,PS::RC::KM161",0.014,mM,16,ADP+Pi→ATP,ADP,Davenport and Mccarty (1986),,
KM162,"PS::MOD::KM162,PS::RC::KM162",0.3,mM,16,ADP+Pi→ATP,Pi,Aflalo and Shavit (1983),,
KM163,"PS::MOD::KM163,PS::RC::KM163",0.3,mM,16,ADP+Pi→ATP,ATP,r.f. Laisk et al. (1989),,
KE16,"PS::MOD::KE16,PS::RC::KE16",5.7,,16,ADP+Pi→ATP,Equ. Const.,"Bassham and Krause (1969), Laisk et al.(1989)",,
Vm16,PS::MOD::V16,5.47,mM L-1s-1,16,ADP+Pi→ATP,,The same as Vm1,,
KE21,"PS::MOD::KE21,PS::RC::KE21",2.3,,21,F6P↔G6P,Equ. Const.,Bassham and Krause (1969),,
KE22,"PS::MOD::KE22,PS::RC::KE22",0.058,,22,G6P↔G1P,Equ. Const.,Colowick and Sutherland (1942),,
KM231,"PS::MOD::KM231,PS::RC::KM231",0.031,mM,23,G1P+ATP+Gn→PPi+ADP+Gn+1,G1P,Model estimate,,
KM232,"PS::MOD::KM232,PS::RC::KM232",0.045,mM,23,G1P+ATP+Gn→PPi+ADP+Gn+1,ATP,Model estimate,,
KM233,"PS::MOD::KM233,PS::RC::KM233",0.14,mM,23,G1P+ATP+Gn→PPi+ADP+Gn+1,ADPG,Model estimate,,
KM234,"PS::MOD::KM234,PS::RC::KM234",0.8,mM,23,G1P+ATP+Gn→PPi+ADP+Gn+1,PPi,Model estimate,,
Ke23,PS::MOD::KE23,0.0076,,23,G1P+ATP+Gn→PPi+ADP+Gn+1,Eq. Const.,Model estimate,,
KA231,"PS::MOD::KA231,PS::RC::KA231",2.3,,23,G1P+ATP+Gn→PPi+ADP+Gn+1,PGA,Model estimate,,
KI231,"PS::MOD::KI231,PS::RC::KI231",0.9,mM,23,G1P+ATP+Gn→PPi+ADP+Gn+1,Pi,Model estimate,,
KVmo,"PS::MOD::KVmo,PS::RC::KVmo",0.007,,23,"G1P+ATP+Gn→PPi+ADP+Gn+1
",,Model estimate,,
Vm23,PS::MOD::V23,0.293,mM L-1s-1,23,G1P+ATP+Gn→PPi+ADP+Gn+1,,The same as Vm1,,
KM311,"PS::MOD::KM311,PS::RC::KM311",0.077,mM,31,Pext +DHAPi→Pi+DHAPo,DHAP,"Fliege et al (1978), Portis Jr. (1983)",,
KM312,"PS::MOD::KM312,PS::RC::KM312",0.63,mM,31,Pext +DHAPi→Pi+DHAPo,Pi,"Fliege et al (1978), Portis Jr. (1983)",,
KM313,"PS::MOD::KM313,PS::RC::KM313",0.74,mM,31,Pext +DHAPi→Pi+DHAPo,Pext,"Fliege et al (1978), Portis Jr. (1983)",,
Vm31,PS::MOD::V31,0.879,mM L-1s-1,31,Pext +DHAPi→Pi+DHAPo,,Lilley et al (1977),,
KM32,"PS::MOD::KM32,PS::RC::KM32",0.25,mM,32,Pext +PGAi→Pi+PGAo,PGA,"Fliege et al (1978), Portis Jr. (1983)",,
Vm32,PS::MOD::V32,0.879,mM L-1s-1,32,Pext +PGAi→Pi+PGAo,,Lilley et al (1977),,
KM33,"PS::MOD::KM33,PS::RC::KM33",0.075,mM,33,Pext +GAPi→Pi+GAPo,GAP,"Fliege et al (1978), Portis Jr. (1983)",,
Vm33,PS::MOD::V33,0.879,mM L-1s-1,33,Pext +GAPi→Pi+GAPo,,Lilley et al (1977),,
Vm111,PR::RC::V111,0.24,(*Vml) mM L-1s-1,111,RuBP + O2 →  PGA + PGCA,,"Ueno et al (2005); Marek and  Sspalding (1991); Ku et al (1991), Devi and Raghavendra (1993), Devi et al. (1995)",,
KM112,"PR::MOD::KM112,PR::RC::KM112",0.026,mM,112,2-PGCA +H2O   GCA + Pi,PGCA,Christeller and Tolbert (1978),,
KI1121,"PR::MOD::KI1121,PR::RC::KI1121",94.0,mM,112,2-PGCA +H2O   GCA + Pi,"GCA, competitive with  PGCA",Christeller and Tolbert (1978),,
KI1122,"PR::MOD::KI1122,PR::RC::KI1122",2.55,mM,112,2-PGCA +H2O   GCA + Pi,"Pi, competitive with PGCA",Christeller and Tolbert (1978),,
Vm112,PR::MOD::V112,52.42,mM L-1s-1,112,2-PGCA +H2O   GCA + Pi,,The same as Vm111,,
KM1131,"PR::MOD::KM1131,PR::RC::KM1131",0.21,mM,113,GCEA + ATP PGA + ADP,ATP,Kleczkowski et al (1985),,
KM1132,"PR::MOD::KM1132,PR::RC::KM1132",0.25,mM,113,GCEA + ATP PGA + ADP,GCEA,Kleczkowski et al (1985),,
KI113,"PR::MOD::KI113,PR::RC::KI113",0.36,mM,113,GCEA + ATP PGA + ADP,"PGA, competitive with ATP",Kleczkowski and Randall (1988),,
KE113,"PR::MOD::KE113,PR::RC::KE113",300.0,mM,113,GCEA + ATP PGA + ADP,Equil. Const.,Kleczkowski  et al (1985),,
Vm113,PR::MOD::V113,5.72,mM L-1s-1,113,GCEA + ATP PGA + ADP,,The same as Vm111,,
KM121,"PR::MOD::KM121,PR::RC::KM121",0.1,mM,121,GCAC+02H2O2+GOAc,GCAc,Tolbert (1981),,
Vm121,PR::MOD::V121,1.46,mM L-1s-1,121,GCAC+02H2O2+GOAc,,The same as Vm111,,
KM1221,"PR::MOD::KM1221,PR::RC::KM1221",0.15,mM,122,GOAc + SERc HPRc + GLYc,GOAc,Nakamura and Tolbert (1983),,
KM1222,"PR::MOD::KM1222,PR::RC::KM1222",2.7,mM,122,GOAc + SERc HPRc + GLYc,SERc,Nakamura and Tolbert (1983),,
KI1221,"PR::MOD::KI1221,PR::RC::KI1221",33.0,mM,122,GOAc + SERc HPRc + GLYc,"GLYc, competitive with SERc",Nakamura and Tolbert (1983),,
KE122,"PR::MOD::KE122,PR::RC::KE122",0.24,,122,GOAc + SERc HPRc + GLYc,Equil. Const,Guynn (1982),,
Vm122,PR::MOD::V122,9.92,mM L-1s-1,122,GOAc + SERc HPRc + GLYc,,The same as Vm111,,
KM123,"PR::MOD::KM123,PR::RC::KM123",0.09,mM,123,HPRc + NADc NADHc + GCEAc,HPRc,Kleczkowski and Edwards (1989),,
KI123,"PR::MOD::KI123,PR::RC::KI123",12.0,mM,123,HPRc + NADc NADHc + GCEAc,"HPRc, self inibition",Kleczkowski and Edwards (1989),,
KE123,"PR::MOD::KE123,PR::RC::KE123",250000.0,,123,HPRc + NADc NADHc + GCEAc,Equil. Const.,Guynn (1982),,
Vm123,PR::MOD::V123,10.01,mM L-1s-1,,,,The same as Vm111,,
KM1241,"PR::MOD::KM1241,PR::RC::KM1241",0.15,mM,124,GOAc + GLUc KGc + GLYc,GOAc,Nakamura and Tolbert (1983),,
KM1242,"PR::MOD::KM1242,PR::RC::KM1242",1.7,mM,124,GOAc + GLUc KGc + GLYc,GLUc,Nakamura and Tolbert (1983),,
KI124,PR::MOD::KI124,2.0,mM,124,GOAc + GLUc KGc + GLYc,GLYc competitive with GLU,Calibrated,,
KE124,"PR::MOD::KE124,PR::RC::KE124",607.0,,124,GOAc + GLUc KGc + GLYc,Equi. Const.,Cooper and Meister (1972),,
Vm124,PR::MOD::V124,2.75,mM L-1s-1,124,GOAc + GLUc KGc + GLYc,,The same as Vm111,,
KM1311,"PR::MOD::KM1311,PR::RC::KM1311",6.0,mM,131,"GLYc + NADc CO2 + NH3 +
SERc +NADHc",GLYc,Douce et al (2001),,
KI1311,"PR::MOD::KI1311,PR::RC::KI1311",4.0,mM,131,GLYc + NADc CO2 + NH3 + SERc +NADHc,"SERc, competitive with GLYc",Douce et al (2001),,
Vm131,PR::MOD::V131,2.49,mM L-1s-1,131,GLYc + NADc CO2 + NH3 + SERc +NADHc,,The same as Vm111,,
KM1011,"PR::MOD::KM1011,PR::RC::KM1011",0.39,mM,101a,GCEAc  GCEA,GCEA,Howitz and McCarty (1986),,
KI1011,"PR::MOD::KI1011,PR::RC::KI1011",0.28,mM,101a,GCEAcGCEA,"GCA, competitive with GCEA",Howitz and McCarty (1986),,
Vm101a,PR::RC::V1T,1.2,mM L-1s-1,101a,GCEAcGCEA,,Howitz and McCarty (1986),,
KM1012,"PR::MOD::KM1012,PR::RC::KM1012",0.2,mM,101b,GCAGCAc,GCA,Howitz and McCarty (1985),,
KI1012,"PR::MOD::KI1012,PR::RC::KI1012",0.22,mM,101b,GCAGCAc,GCEAcompetitive with GCA,Howitz and McCarty (1985),,
Vm101b,PR::RC::V2T,1.2,mM L-1s-1,101b,GCAGCAc,,Howitz and McCarty (1986),,
KE501,"SUCS::MOD::KE501,SUCS::RC::KE501",20.0,,50,"GAPc ↔DHAPc
DHAPc +",,Bassham 1869,,
Km511,"SUCS::MOD::Km511,SUCS::RC::Km511",0.02,mM,51,PGAc ↔ FBPc,FBPc,Anderson et al. (1975),,
Km512,"SUCS::MOD::Km512,SUCS::RC::Km512",0.3,mM,51,DHAPc + PGAc ↔ FBPc,GAPc,Iwaki et al. (1991),,
Km513,"SUCS::MOD::Km513,SUCS::RC::Km513",0.4,mM,51,DHAPc + PGAc ↔ FBPc,DHAPc,Iwaki et al. (1991),,
Km514,IGNORED,0.014,mM,51,DHAPc + PGAc ↔ FBPc,SBPc,Harris and Koniger (1997),,
KE51,"SUCS::MOD::KE51,SUCS::RC::KE51",12.0,,51,DHAPc + PGAc ↔ FBPc,,Thomas et al. (1997),,
Vm51,SUCS::MOD::V51,0.107,mM L-1s-1,51,DHAPc + PGAc ↔ FBPc,,"Chen et al (2005),  Strand et al. (2000), Strand et al (1999), Chen et al. (2005)",,
Km521,"SUCS::MOD::Km521,SUCS::RC::Km521",0.0025,mM,52,FBPc ↔ F6Pc + Pic,FBPc,Jang et al. (2003),,
KI521,"SUCS::MOD::KI521,SUCS::RC::KI521",0.7,mM,52,FBPc ↔ F6Pc + Pic,F6Pc,Heldt et al. (1983),,
KI522,"SUCS::MOD::KI522,SUCS::RC::KI522",12.0,mM,52,FBPc ↔ F6Pc + Pic,Pic,Charles & Halliwell (1981),,
KI523,"SUCS::MOD::KI523,SUCS::RC::KI523",7e-05,mM,52,FBPc ↔ F6Pc + Pic,F26BPc,Jang et al. (2003),,
KE52,"SUCS::MOD::KE52,SUCS::RC::KE52",6663.0,,52,FBPc ↔ F6Pc + Pic,,"Bassham and Krause (1969)
",,
Vm52,SUCS::MOD::V52,0.064,mM L-1s-1,52,FBPc ↔ F6Pc + Pic,,The same as Vm51,,
KE31,SUCS::RC::KE531,2.3,,54,F6Pc ↔ G6Pc,,Bassham 1869,,
KE41,SUCS::RC::KE541,0.0584,,54,G6P ↔ G1Pc,,Bassham 1869,,
Km551,"SUCS::MOD::Km551,SUCS::RC::Km551",0.14,mM,55,G1Pc + UTPc↔GDPc +UDPGc,G1Pc,Nakano et al. (1989),,
Km552,"SUCS::MOD::Km552,SUCS::RC::Km552",0.1,mM,55,G1Pc + UTPc↔GDPc +UDPGc,UTPc,Nakano et al. (1989),,
Km553,"SUCS::MOD::Km553,SUCS::RC::Km553",0.11,mM,55,G1Pc + UTPc↔GDPc +UDPGc,OPOPc,Nakano et al. (1989),,
Km554,"SUCS::MOD::Km554,SUCS::RC::Km554",0.12,mM,55,G1Pc + UTPc↔GDPc+UDPGc,UDPGc,Nakano et al. (1989),,
KE55,"SUCS::MOD::KE55,SUCS::RC::KE55",0.31,,55,G1Pc + UTPc↔ GDPc+UDPGc,Equi,Lunn and Rees (1990),,
Vm55,SUCS::MOD::V55,0.115,mM L-1s-1,55,G1Pc + UTPc↔ GDPc+UDPGc,,The same as Vm51,,
Km561,"SUCS::MOD::Km561,SUCS::RC::Km561",0.8,mM,56,UDPGc + F6Pc ↔  SUCPc + UDPc,F6Pc,Lunn and Rees (1990),,
Km562,"SUCS::MOD::Km562,SUCS::RC::Km562",2.4,mM,56,UDPGc + F6Pc ↔  SUCPc + UDPc,UDPGc,Lunn and Rees (1990),,
KI561,"SUCS::MOD::KI561,SUCS::RC::KI561",0.7,mM,56,UDPGc + F6Pc ↔  SUCPc + UDPc,UDPc,Harbron et al. (1981),,
KI562,"SUCS::MOD::KI562,SUCS::RC::KI562",0.8,mM,56,UDPGc + F6Pc ↔  SUCPc + UDPc,FBPc,Harbron et al. (1981),,
KI563,"SUCS::MOD::KI563,SUCS::RC::KI563",0.4,mM,56,UDPGc + F6Pc ↔  SUCPc + UDPc,SUCPc,Harbron et al. (1981),,
KI564,"SUCS::MOD::KI564,SUCS::RC::KI564",11.0,mM,56,UDPGc + F6Pc ↔  SUCPc + UDPc,Pic,Harbron et al. (1981),,
KI565,"SUCS::MOD::KI565,SUCS::RC::KI565",50.0,mM,56,UDPGc + F6Pc ↔  SUCPc + UDPc,Sucrose,Salermo and Pontis (1978),,
KE56,"SUCS::MOD::KE56,SUCS::RC::KE56",10.0,,56,UDPGc + F6Pc ↔  SUCPc + UDPc,Equl. Const.,Lunn and Rees (1990),,
Vm56,SUCS::MOD::V56,0.056,mM L-1s-1,56,UDPGc + F6Pc ↔  SUCPc + UDPc,,The same as Vm51,,
Km571,"SUCS::MOD::Km571,SUCS::RC::Km571",0.35,mM,57,SUCPc ↔ Pic + SUCc,SUCPc,Whitaker (1984),,
Ki572,"SUCS::MOD::Ki572,SUCS::RC::Ki572",10.0,mM,57,SUCPc ↔ Pic + SUCc,SUCc,Whitaker (1984),,
KE57,"SUCS::RC::KE57,SUCS::MOD::KE57",780.0,,57,SUCPc ↔ Pic + SUCc,Equil. Const.,Lunn and Rees (1990),,
Vm57,SUCS::MOD::V57,0.56,mM,57,SUCPc ↔ Pic + SUCc,,The same as Vm51,,
Km581,"SUCS::MOD::Km581,SUCS::RC::Km581",0.032,mM,58,F26BPc ↔ F6Pc + Pic,F26BPc,Macdonald et al. (1989),,
KI581,"SUCS::MOD::KI581,SUCS::RC::KI581",0.1,mM,58,F26BPc ↔ F6Pc + Pic,F6Pc,Villadsen and Nielsen (2001),,
KI582,"SUCS::MOD::KI582,SUCS::RC::KI582",0.5,mM,58,F26BPc ↔ F6Pc + Pic,Pic,Villadsen and Nielsen (2001),,
Vm58,SUCS::MOD::V58,0.017,mM L-1s-1,58,F26BPc ↔ F6Pc + Pic,,The same as Vm51,,
Km591,"SUCS::MOD::Km591,SUCS::RC::Km591",5.0,mM,59,F6Pc + ATPc ↔ F26BPc + ADPc,ATPc,Walker and Huber (1987),,
Km592,"SUCS::MOD::Km592,SUCS::RC::Km592",0.021,mM,59,F6Pc + ATPc ↔ F26BPc + ADPc,F26BPc,Garcia de Frutos and Baanante (1995),,
Km593,"SUCS::MOD::Km593,SUCS::RC::Km593",0.55,mM,59,F6Pc + ATPc ↔ F26BPc + ADPc,F6Pc,Walker and Huber (1987),,
KI591,"SUCS::MOD::KI591,SUCS::RC::KI591",0.16,mM,59,F6Pc + ATPc ↔ F26BPc + ADPc,ADPc,Kretschmer and Hofmann (1984),,
KI592,"SUCS::MOD::KI592,SUCS::RC::KI592",0.7,mM,59,F6Pc + ATPc ↔ F26BPc + ADPc,DHAPc,Markham and Kruger (2002),,
KE59,"SUCS::MOD::KE59,SUCS::RC::KE59",590.0,,59,F6Pc + ATPc ↔ F26BPc + ADPc,,Cornish-Bowden (1997),,
Vm59,SUCS::MOD::V59,0.03,mM L-1s-1,59,F6Pc + ATPc ↔ F26BPc + ADPc,,Villadsen and Nielsen (2001),,
Km601,"SUCS::MOD::Km601,SUCS::RC::Km601",0.042,mM,60,ATP+UDP ↔ ADP+UTP,ADPc,Kimura and Shimada (1988),,
Km602,"SUCS::MOD::Km602,SUCS::RC::Km602",1.66,mM,60,ATP+UDP ↔ ADP+UTP,ATPc,Kimura and Shimada (1988),,
Km603,"SUCS::MOD::Km603,SUCS::RC::Km603",0.28,mM,60,ATP+UDP ↔ ADP+UTP c,UDPc,Jong and Ma (1991),,
Km604,"SUCS::MOD::Km604,SUCS::RC::Km604",16.0,mM,60,ATP+UDP ↔ ADP+UTP,UTPc,Fukuchi et al (1994),,
KE60,"SUCS::MOD::KE60,SUCS::RC::KE60",16.0,,60,ATP+UDP ↔ ADP+UTP,Equili.,Lynn and Guynn (1978),,
,,6.1,,60,ATP+UDP ↔ ADP+UTP,,Villadsen and Nielsen (2001),,
KE61,"SUCS::MOD::KE61,SUCS::RC::KE61",12000000.0,,61,SUCPc ↔ SUCc + Pic,Equili.,Flodgaard and Fleron (1974),,
Vm61,SUCS::MOD::V61,1000.0,mM L-1s-1,61,SUCPc ↔ SUCc + Pic,,Model estimate,,
Km621,"SUCS::MOD::Km621,SUCS::RC::Km621",5.0,mM,62,SUCc ↔ Sink,Sucrose,Weschke et al. (2000),,
Vm62,SUCS::MOD::V62,2.0,mM L-1s-1,62,SUCc ↔ Sink,,Model estimate,,
